series_id,surface
0,wood
1,wood
2,tiled
3,carpet
4,wood
5,hard_tiles_large_space
6,concrete
7,hard_tiles_large_space
8,wood
9,wood
10,soft_pvc
11,tiled
12,wood
13,soft_pvc
14,concrete
15,wood
16,concrete
17,carpet
18,wood
19,soft_pvc
20,concrete
21,soft_pvc
22,wood
23,hard_tiles_large_space
24,concrete
25,soft_pvc
26,soft_pvc
27,concrete
28,soft_pvc
29,concrete
30,soft_pvc
31,soft_pvc
32,tiled
33,fine_concrete
34,soft_pvc
35,soft_pvc
36,soft_pvc
37,soft_pvc
38,fine_concrete
39,hard_tiles_large_space
40,wood
41,soft_pvc
42,soft_pvc
43,carpet
44,soft_pvc
45,carpet
46,concrete
47,concrete
48,wood
49,wood
50,wood
51,wood
52,soft_pvc
53,concrete
54,carpet
55,tiled
56,tiled
57,carpet
58,wood
59,hard_tiles_large_space
60,hard_tiles_large_space
61,hard_tiles_large_space
62,hard_tiles_large_space
63,concrete
64,tiled
65,fine_concrete
66,soft_pvc
67,soft_pvc
68,concrete
69,concrete
70,concrete
71,fine_concrete
72,concrete
73,tiled
74,carpet
75,wood
76,soft_pvc
77,soft_pvc
78,concrete
79,concrete
80,soft_tiles
81,fine_concrete
82,soft_pvc
83,hard_tiles_large_space
84,concrete
85,soft_pvc
86,concrete
87,concrete
88,fine_concrete
89,tiled
90,wood
91,concrete
92,carpet
93,concrete
94,hard_tiles_large_space
95,concrete
96,tiled
97,soft_pvc
98,soft_tiles
99,tiled
100,concrete
101,tiled
102,soft_pvc
103,wood
104,soft_pvc
105,concrete
106,carpet
107,concrete
108,soft_pvc
109,wood
110,soft_pvc
111,wood
112,tiled
113,fine_concrete
114,concrete
115,soft_tiles
116,soft_pvc
117,soft_pvc
118,tiled
119,concrete
120,carpet
121,wood
122,fine_concrete
123,concrete
124,wood
125,tiled
126,hard_tiles_large_space
127,wood
128,fine_concrete
129,concrete
130,wood
131,fine_concrete
132,soft_tiles
133,carpet
134,wood
135,soft_tiles
136,fine_concrete
137,concrete
138,soft_pvc
139,fine_concrete
140,soft_tiles
141,hard_tiles_large_space
142,soft_pvc
143,soft_pvc
144,soft_pvc
145,soft_pvc
146,wood
147,tiled
148,concrete
149,concrete
150,carpet
151,concrete
152,soft_pvc
153,soft_pvc
154,soft_pvc
155,soft_pvc
156,concrete
157,soft_pvc
158,tiled
159,soft_pvc
160,soft_pvc
161,soft_pvc
162,carpet
163,wood
164,soft_pvc
165,wood
166,hard_tiles_large_space
167,concrete
168,wood
169,tiled
170,concrete
171,tiled
172,wood
173,soft_pvc
174,soft_pvc
175,hard_tiles_large_space
176,concrete
177,fine_concrete
178,concrete
179,tiled
180,tiled
181,soft_pvc
182,wood
183,soft_pvc
184,fine_concrete
185,concrete
186,concrete
187,fine_concrete
188,wood
189,soft_pvc
190,carpet
191,wood
192,soft_pvc
193,concrete
194,soft_pvc
195,soft_pvc
196,carpet
197,soft_tiles
198,concrete
199,soft_pvc
200,hard_tiles_large_space
201,soft_tiles
202,carpet
203,hard_tiles_large_space
204,soft_tiles
205,soft_pvc
206,fine_concrete
207,concrete
208,carpet
209,concrete
210,soft_pvc
211,wood
212,concrete
213,soft_pvc
214,wood
215,carpet
216,soft_tiles
217,soft_tiles
218,soft_pvc
219,concrete
220,concrete
221,soft_pvc
222,concrete
223,fine_concrete
224,wood
225,soft_pvc
226,carpet
227,fine_concrete
228,soft_pvc
229,concrete
230,concrete
231,fine_concrete
232,concrete
233,soft_pvc
234,fine_concrete
235,hard_tiles_large_space
236,concrete
237,concrete
238,concrete
239,fine_concrete
240,wood
241,concrete
242,wood
243,soft_pvc
244,soft_pvc
245,tiled
246,wood
247,wood
248,soft_pvc
249,concrete
250,tiled
251,wood
252,concrete
253,concrete
254,hard_tiles_large_space
255,soft_tiles
256,soft_pvc
257,concrete
258,wood
259,soft_tiles
260,concrete
261,wood
262,fine_concrete
263,tiled
264,tiled
265,soft_tiles
266,concrete
267,concrete
268,hard_tiles_large_space
269,soft_pvc
270,soft_pvc
271,soft_tiles
272,concrete
273,wood
274,fine_concrete
275,concrete
276,concrete
277,carpet
278,fine_concrete
279,soft_tiles
280,carpet
281,soft_tiles
282,concrete
283,soft_pvc
284,soft_tiles
285,wood
286,soft_pvc
287,concrete
288,tiled
289,fine_concrete
290,tiled
291,soft_pvc
292,tiled
293,wood
294,concrete
295,concrete
296,tiled
297,concrete
298,carpet
299,soft_pvc
300,soft_pvc
301,wood
302,carpet
303,concrete
304,concrete
305,soft_pvc
306,tiled
307,wood
308,concrete
309,wood
310,tiled
311,soft_pvc
312,carpet
313,wood
314,fine_concrete
315,hard_tiles_large_space
316,wood
317,carpet
318,concrete
319,soft_pvc
320,concrete
321,soft_pvc
322,soft_pvc
323,soft_tiles
324,concrete
325,wood
326,concrete
327,soft_pvc
328,tiled
329,concrete
330,wood
331,fine_concrete
332,hard_tiles_large_space
333,soft_pvc
334,concrete
335,tiled
336,concrete
337,concrete
338,hard_tiles_large_space
339,wood
340,wood
341,soft_pvc
342,wood
343,soft_pvc
344,wood
345,hard_tiles_large_space
346,fine_concrete
347,wood
348,concrete
349,soft_pvc
350,tiled
351,wood
352,hard_tiles_large_space
353,hard_tiles
354,wood
355,fine_concrete
356,soft_pvc
357,wood
358,concrete
359,tiled
360,concrete
361,concrete
362,tiled
363,soft_tiles
364,tiled
365,wood
366,soft_pvc
367,wood
368,soft_pvc
369,hard_tiles_large_space
370,concrete
371,soft_pvc
372,fine_concrete
373,concrete
374,fine_concrete
375,wood
376,soft_tiles
377,tiled
378,fine_concrete
379,fine_concrete
380,concrete
381,soft_tiles
382,wood
383,concrete
384,hard_tiles_large_space
385,concrete
386,carpet
387,soft_pvc
388,tiled
389,soft_pvc
390,carpet
391,wood
392,concrete
393,soft_pvc
394,fine_concrete
395,soft_tiles
396,soft_pvc
397,soft_pvc
398,concrete
399,tiled
400,concrete
401,soft_tiles
402,soft_pvc
403,wood
404,wood
405,soft_tiles
406,carpet
407,fine_concrete
408,carpet
409,soft_pvc
410,concrete
411,soft_pvc
412,concrete
413,fine_concrete
414,wood
415,concrete
416,soft_pvc
417,soft_pvc
418,soft_tiles
419,wood
420,wood
421,concrete
422,tiled
423,hard_tiles_large_space
424,carpet
425,soft_pvc
426,wood
427,soft_pvc
428,tiled
429,fine_concrete
430,hard_tiles_large_space
431,concrete
432,soft_pvc
433,soft_pvc
434,carpet
435,wood
436,concrete
437,soft_tiles
438,wood
439,soft_pvc
440,soft_pvc
441,soft_tiles
442,fine_concrete
443,tiled
444,wood
445,hard_tiles_large_space
446,wood
447,hard_tiles_large_space
448,wood
449,wood
450,soft_pvc
451,soft_pvc
452,wood
453,concrete
454,soft_tiles
455,concrete
456,concrete
457,soft_pvc
458,soft_pvc
459,fine_concrete
460,soft_tiles
461,hard_tiles_large_space
462,concrete
463,concrete
464,hard_tiles_large_space
465,concrete
466,tiled
467,soft_tiles
468,soft_tiles
469,soft_tiles
470,concrete
471,carpet
472,hard_tiles_large_space
473,concrete
474,tiled
475,soft_pvc
476,wood
477,concrete
478,fine_concrete
479,carpet
480,carpet
481,concrete
482,soft_pvc
483,concrete
484,wood
485,fine_concrete
486,concrete
487,concrete
488,wood
489,tiled
490,soft_pvc
491,wood
492,concrete
493,fine_concrete
494,soft_pvc
495,soft_pvc
496,wood
497,concrete
498,concrete
499,concrete
500,concrete
501,soft_pvc
502,concrete
503,tiled
504,soft_pvc
505,soft_pvc
506,concrete
507,concrete
508,concrete
509,wood
510,soft_pvc
511,wood
512,soft_pvc
513,soft_tiles
514,carpet
515,soft_pvc
516,soft_pvc
517,wood
518,hard_tiles_large_space
519,carpet
520,tiled
521,soft_tiles
522,soft_pvc
523,wood
524,tiled
525,tiled
526,wood
527,concrete
528,concrete
529,tiled
530,wood
531,carpet
532,concrete
533,soft_pvc
534,concrete
535,concrete
536,concrete
537,carpet
538,carpet
539,fine_concrete
540,concrete
541,soft_pvc
542,soft_pvc
543,concrete
544,soft_pvc
545,soft_pvc
546,wood
547,soft_pvc
548,tiled
549,concrete
550,carpet
551,soft_tiles
552,soft_pvc
553,carpet
554,carpet
555,concrete
556,carpet
557,soft_pvc
558,hard_tiles_large_space
559,wood
560,soft_pvc
561,fine_concrete
562,hard_tiles_large_space
563,concrete
564,wood
565,tiled
566,concrete
567,tiled
568,wood
569,soft_pvc
570,concrete
571,soft_pvc
572,concrete
573,wood
574,concrete
575,wood
576,concrete
577,fine_concrete
578,tiled
579,concrete
580,soft_tiles
581,concrete
582,concrete
583,soft_pvc
584,fine_concrete
585,carpet
586,soft_pvc
587,carpet
588,wood
589,soft_pvc
590,tiled
591,fine_concrete
592,carpet
593,concrete
594,wood
595,concrete
596,tiled
597,wood
598,soft_pvc
599,concrete
600,tiled
601,soft_pvc
602,soft_pvc
603,hard_tiles
604,wood
605,fine_concrete
606,carpet
607,concrete
608,tiled
609,wood
610,soft_pvc
611,concrete
612,soft_pvc
613,soft_pvc
614,wood
615,carpet
616,concrete
617,concrete
618,fine_concrete
619,wood
620,concrete
621,carpet
622,fine_concrete
623,wood
624,hard_tiles_large_space
625,soft_tiles
626,carpet
627,concrete
628,carpet
629,soft_pvc
630,fine_concrete
631,carpet
632,wood
633,carpet
634,soft_pvc
635,concrete
636,soft_pvc
637,carpet
638,concrete
639,concrete
640,soft_pvc
641,soft_pvc
642,soft_pvc
643,concrete
644,carpet
645,concrete
646,wood
647,concrete
648,tiled
649,hard_tiles_large_space
650,wood
651,soft_tiles
652,concrete
653,fine_concrete
654,concrete
655,wood
656,tiled
657,wood
658,concrete
659,concrete
660,soft_pvc
661,concrete
662,concrete
663,concrete
664,soft_pvc
665,hard_tiles_large_space
666,soft_tiles
667,soft_pvc
668,soft_pvc
669,carpet
670,concrete
671,concrete
672,hard_tiles_large_space
673,carpet
674,wood
675,soft_pvc
676,wood
677,concrete
678,fine_concrete
679,wood
680,fine_concrete
681,soft_pvc
682,soft_pvc
683,concrete
684,fine_concrete
685,wood
686,wood
687,concrete
688,concrete
689,wood
690,tiled
691,soft_pvc
692,carpet
693,wood
694,concrete
695,wood
696,wood
697,wood
698,carpet
699,fine_concrete
700,wood
701,concrete
702,fine_concrete
703,concrete
704,soft_tiles
705,soft_pvc
706,concrete
707,wood
708,wood
709,soft_pvc
710,carpet
711,concrete
712,concrete
713,wood
714,soft_pvc
715,concrete
716,concrete
717,fine_concrete
718,tiled
719,concrete
720,soft_tiles
721,wood
722,wood
723,soft_pvc
724,wood
725,concrete
726,concrete
727,wood
728,soft_pvc
729,concrete
730,concrete
731,concrete
732,concrete
733,wood
734,concrete
735,concrete
736,soft_pvc
737,hard_tiles_large_space
738,wood
739,concrete
740,tiled
741,soft_pvc
742,concrete
743,wood
744,soft_pvc
745,concrete
746,concrete
747,concrete
748,carpet
749,concrete
750,soft_tiles
751,wood
752,soft_pvc
753,concrete
754,concrete
755,hard_tiles_large_space
756,soft_pvc
757,soft_tiles
758,hard_tiles
759,fine_concrete
760,soft_pvc
761,concrete
762,concrete
763,soft_pvc
764,soft_tiles
765,wood
766,soft_pvc
767,concrete
768,soft_pvc
769,fine_concrete
770,fine_concrete
771,concrete
772,concrete
773,hard_tiles
774,concrete
775,soft_pvc
776,soft_pvc
777,soft_pvc
778,soft_pvc
779,fine_concrete
780,soft_pvc
781,concrete
782,carpet
783,soft_tiles
784,soft_pvc
785,concrete
786,soft_pvc
787,tiled
788,wood
789,wood
790,wood
791,wood
792,soft_pvc
793,concrete
794,hard_tiles_large_space
795,wood
796,concrete
797,tiled
798,wood
799,fine_concrete
800,wood
801,concrete
802,tiled
803,soft_pvc
804,wood
805,fine_concrete
806,soft_pvc
807,fine_concrete
808,soft_pvc
809,tiled
810,soft_pvc
811,concrete
812,soft_tiles
813,concrete
814,carpet
815,soft_pvc
816,carpet
817,soft_tiles
818,concrete
819,soft_tiles
820,soft_pvc
821,concrete
822,concrete
823,wood
824,tiled
825,soft_pvc
826,soft_pvc
827,concrete
828,wood
829,carpet
830,soft_pvc
831,concrete
832,concrete
833,wood
834,soft_pvc
835,concrete
836,soft_pvc
837,soft_pvc
838,wood
839,concrete
840,soft_pvc
841,concrete
842,tiled
843,soft_pvc
844,soft_pvc
845,hard_tiles_large_space
846,carpet
847,hard_tiles_large_space
848,tiled
849,wood
850,carpet
851,wood
852,concrete
853,fine_concrete
854,concrete
855,concrete
856,concrete
857,soft_pvc
858,tiled
859,wood
860,wood
861,soft_tiles
862,carpet
863,wood
864,tiled
865,soft_pvc
866,carpet
867,soft_tiles
868,soft_pvc
869,wood
870,soft_tiles
871,wood
872,concrete
873,concrete
874,tiled
875,concrete
876,tiled
877,tiled
878,concrete
879,wood
880,wood
881,soft_tiles
882,soft_tiles
883,carpet
884,carpet
885,tiled
886,tiled
887,concrete
888,concrete
889,fine_concrete
890,fine_concrete
891,fine_concrete
892,fine_concrete
893,concrete
894,concrete
895,soft_pvc
896,wood
897,tiled
898,tiled
899,wood
900,concrete
901,fine_concrete
902,soft_pvc
903,wood
904,concrete
905,tiled
906,fine_concrete
907,soft_tiles
908,wood
909,concrete
910,concrete
911,concrete
912,concrete
913,tiled
914,wood
915,soft_pvc
916,wood
917,fine_concrete
918,concrete
919,soft_tiles
920,soft_pvc
921,soft_pvc
922,soft_pvc
923,concrete
924,soft_pvc
925,concrete
926,concrete
927,concrete
928,wood
929,tiled
930,fine_concrete
931,tiled
932,concrete
933,concrete
934,wood
935,concrete
936,concrete
937,fine_concrete
938,fine_concrete
939,wood
940,concrete
941,soft_pvc
942,soft_pvc
943,wood
944,concrete
945,wood
946,wood
947,soft_pvc
948,concrete
949,soft_pvc
950,tiled
951,soft_pvc
952,concrete
953,soft_pvc
954,concrete
955,hard_tiles_large_space
956,soft_pvc
957,fine_concrete
958,soft_tiles
959,fine_concrete
960,wood
961,soft_pvc
962,concrete
963,soft_pvc
964,concrete
965,soft_pvc
966,wood
967,soft_tiles
968,concrete
969,fine_concrete
970,soft_pvc
971,fine_concrete
972,carpet
973,concrete
974,concrete
975,soft_pvc
976,hard_tiles_large_space
977,soft_pvc
978,concrete
979,hard_tiles_large_space
980,soft_pvc
981,wood
982,wood
983,soft_tiles
984,hard_tiles_large_space
985,concrete
986,concrete
987,wood
988,concrete
989,concrete
990,wood
991,soft_pvc
992,soft_pvc
993,concrete
994,tiled
995,wood
996,wood
997,soft_pvc
998,soft_pvc
999,soft_pvc
1000,soft_pvc
1001,concrete
1002,soft_pvc
1003,concrete
1004,soft_pvc
1005,soft_pvc
1006,fine_concrete
1007,concrete
1008,concrete
1009,concrete
1010,concrete
1011,hard_tiles_large_space
1012,soft_pvc
1013,carpet
1014,soft_pvc
1015,hard_tiles_large_space
1016,concrete
1017,hard_tiles_large_space
1018,wood
1019,wood
1020,wood
1021,concrete
1022,tiled
1023,concrete
1024,soft_tiles
1025,fine_concrete
1026,concrete
1027,soft_pvc
1028,concrete
1029,fine_concrete
1030,hard_tiles_large_space
1031,concrete
1032,tiled
1033,concrete
1034,concrete
1035,fine_concrete
1036,soft_pvc
1037,wood
1038,wood
1039,fine_concrete
1040,fine_concrete
1041,wood
1042,concrete
1043,soft_pvc
1044,soft_pvc
1045,concrete
1046,fine_concrete
1047,wood
1048,concrete
1049,wood
1050,fine_concrete
1051,carpet
1052,wood
1053,fine_concrete
1054,fine_concrete
1055,soft_tiles
1056,wood
1057,fine_concrete
1058,concrete
1059,fine_concrete
1060,wood
1061,soft_pvc
1062,tiled
1063,soft_pvc
1064,concrete
1065,soft_tiles
1066,concrete
1067,tiled
1068,concrete
1069,carpet
1070,hard_tiles_large_space
1071,soft_pvc
1072,soft_pvc
1073,carpet
1074,wood
1075,fine_concrete
1076,soft_pvc
1077,wood
1078,tiled
1079,carpet
1080,soft_tiles
1081,hard_tiles_large_space
1082,tiled
1083,tiled
1084,concrete
1085,tiled
1086,concrete
1087,soft_pvc
1088,wood
1089,carpet
1090,soft_pvc
1091,wood
1092,tiled
1093,concrete
1094,wood
1095,soft_pvc
1096,wood
1097,wood
1098,wood
1099,tiled
1100,soft_pvc
1101,fine_concrete
1102,soft_pvc
1103,wood
1104,concrete
1105,concrete
1106,concrete
1107,wood
1108,hard_tiles_large_space
1109,concrete
1110,wood
1111,carpet
1112,soft_pvc
1113,concrete
1114,concrete
1115,carpet
1116,soft_pvc
1117,soft_pvc
1118,soft_pvc
1119,tiled
1120,concrete
1121,wood
1122,soft_pvc
1123,soft_pvc
1124,concrete
1125,concrete
1126,concrete
1127,tiled
1128,wood
1129,fine_concrete
1130,soft_pvc
1131,soft_pvc
1132,concrete
1133,concrete
1134,soft_pvc
1135,concrete
1136,tiled
1137,wood
1138,concrete
1139,tiled
1140,soft_pvc
1141,hard_tiles_large_space
1142,fine_concrete
1143,soft_pvc
1144,soft_pvc
1145,fine_concrete
1146,hard_tiles_large_space
1147,soft_tiles
1148,concrete
1149,fine_concrete
1150,wood
1151,soft_pvc
1152,concrete
1153,soft_pvc
1154,tiled
1155,tiled
1156,fine_concrete
1157,concrete
1158,fine_concrete
1159,carpet
1160,concrete
1161,concrete
1162,concrete
1163,concrete
1164,soft_pvc
1165,concrete
1166,fine_concrete
1167,carpet
1168,wood
1169,wood
1170,concrete
1171,wood
1172,tiled
1173,soft_pvc
1174,fine_concrete
1175,wood
1176,hard_tiles_large_space
1177,wood
1178,wood
1179,fine_concrete
1180,concrete
1181,soft_pvc
1182,carpet
1183,concrete
1184,concrete
1185,concrete
1186,soft_pvc
1187,hard_tiles_large_space
1188,concrete
1189,soft_pvc
1190,hard_tiles_large_space
1191,soft_tiles
1192,soft_pvc
1193,carpet
1194,carpet
1195,soft_pvc
1196,wood
1197,concrete
1198,wood
1199,fine_concrete
1200,wood
1201,tiled
1202,concrete
1203,tiled
1204,soft_pvc
1205,wood
1206,wood
1207,soft_tiles
1208,soft_pvc
1209,soft_tiles
1210,concrete
1211,soft_pvc
1212,carpet
1213,soft_pvc
1214,concrete
1215,wood
1216,concrete
1217,wood
1218,carpet
1219,soft_tiles
1220,concrete
1221,concrete
1222,soft_pvc
1223,wood
1224,soft_pvc
1225,carpet
1226,wood
1227,soft_pvc
1228,wood
1229,soft_pvc
1230,concrete
1231,concrete
1232,soft_pvc
1233,wood
1234,hard_tiles_large_space
1235,soft_pvc
1236,soft_pvc
1237,tiled
1238,hard_tiles_large_space
1239,tiled
1240,tiled
1241,wood
1242,tiled
1243,concrete
1244,soft_pvc
1245,concrete
1246,carpet
1247,concrete
1248,hard_tiles_large_space
1249,tiled
1250,concrete
1251,tiled
1252,hard_tiles_large_space
1253,wood
1254,fine_concrete
1255,concrete
1256,fine_concrete
1257,soft_pvc
1258,wood
1259,concrete
1260,wood
1261,fine_concrete
1262,hard_tiles_large_space
1263,carpet
1264,concrete
1265,carpet
1266,hard_tiles_large_space
1267,wood
1268,soft_pvc
1269,fine_concrete
1270,carpet
1271,wood
1272,wood
1273,wood
1274,wood
1275,wood
1276,wood
1277,soft_pvc
1278,tiled
1279,wood
1280,concrete
1281,concrete
1282,concrete
1283,soft_pvc
1284,wood
1285,wood
1286,concrete
1287,tiled
1288,soft_tiles
1289,soft_pvc
1290,hard_tiles_large_space
1291,soft_pvc
1292,wood
1293,concrete
1294,wood
1295,concrete
1296,tiled
1297,hard_tiles_large_space
1298,concrete
1299,soft_pvc
1300,concrete
1301,fine_concrete
1302,fine_concrete
1303,concrete
1304,wood
1305,wood
1306,tiled
1307,concrete
1308,soft_pvc
1309,soft_pvc
1310,concrete
1311,soft_pvc
1312,tiled
1313,hard_tiles_large_space
1314,fine_concrete
1315,carpet
1316,concrete
1317,soft_pvc
1318,concrete
1319,concrete
1320,tiled
1321,soft_pvc
1322,wood
1323,soft_tiles
1324,soft_pvc
1325,concrete
1326,tiled
1327,concrete
1328,wood
1329,carpet
1330,concrete
1331,soft_tiles
1332,wood
1333,fine_concrete
1334,concrete
1335,tiled
1336,soft_pvc
1337,soft_pvc
1338,wood
1339,soft_pvc
1340,tiled
1341,wood
1342,carpet
1343,carpet
1344,concrete
1345,soft_pvc
1346,concrete
1347,soft_pvc
1348,tiled
1349,tiled
1350,concrete
1351,tiled
1352,fine_concrete
1353,soft_pvc
1354,soft_tiles
1355,concrete
1356,carpet
1357,soft_pvc
1358,soft_tiles
1359,wood
1360,wood
1361,concrete
1362,tiled
1363,concrete
1364,hard_tiles_large_space
1365,fine_concrete
1366,soft_tiles
1367,wood
1368,concrete
1369,soft_tiles
1370,soft_pvc
1371,concrete
1372,wood
1373,soft_tiles
1374,wood
1375,tiled
1376,hard_tiles_large_space
1377,tiled
1378,hard_tiles_large_space
1379,concrete
1380,concrete
1381,concrete
1382,soft_pvc
1383,concrete
1384,concrete
1385,wood
1386,concrete
1387,fine_concrete
1388,concrete
1389,soft_pvc
1390,fine_concrete
1391,concrete
1392,soft_pvc
1393,fine_concrete
1394,tiled
1395,wood
1396,concrete
1397,concrete
1398,wood
1399,wood
1400,wood
1401,concrete
1402,wood
1403,soft_tiles
1404,wood
1405,concrete
1406,concrete
1407,soft_pvc
1408,hard_tiles_large_space
1409,soft_pvc
1410,concrete
1411,fine_concrete
1412,wood
1413,fine_concrete
1414,soft_pvc
1415,soft_pvc
1416,soft_pvc
1417,hard_tiles_large_space
1418,wood
1419,concrete
1420,soft_pvc
1421,hard_tiles
1422,concrete
1423,fine_concrete
1424,hard_tiles_large_space
1425,soft_pvc
1426,wood
1427,hard_tiles_large_space
1428,carpet
1429,soft_tiles
1430,wood
1431,tiled
1432,concrete
1433,soft_pvc
1434,fine_concrete
1435,carpet
1436,tiled
1437,concrete
1438,wood
1439,soft_pvc
1440,carpet
1441,soft_pvc
1442,fine_concrete
1443,fine_concrete
1444,concrete
1445,fine_concrete
1446,tiled
1447,hard_tiles_large_space
1448,concrete
1449,fine_concrete
1450,tiled
1451,wood
1452,carpet
1453,wood
1454,wood
1455,wood
1456,concrete
1457,concrete
1458,concrete
1459,concrete
1460,carpet
1461,soft_pvc
1462,hard_tiles_large_space
1463,wood
1464,concrete
1465,tiled
1466,tiled
1467,soft_pvc
1468,soft_tiles
1469,wood
1470,carpet
1471,concrete
1472,soft_tiles
1473,concrete
1474,fine_concrete
1475,concrete
1476,soft_pvc
1477,soft_pvc
1478,soft_pvc
1479,wood
1480,concrete
1481,concrete
1482,soft_pvc
1483,soft_pvc
1484,soft_tiles
1485,fine_concrete
1486,soft_pvc
1487,hard_tiles_large_space
1488,concrete
1489,wood
1490,wood
1491,wood
1492,soft_pvc
1493,wood
1494,hard_tiles_large_space
1495,carpet
1496,concrete
1497,tiled
1498,fine_concrete
1499,concrete
1500,concrete
1501,fine_concrete
1502,soft_pvc
1503,hard_tiles_large_space
1504,concrete
1505,soft_pvc
1506,wood
1507,wood
1508,wood
1509,hard_tiles_large_space
1510,wood
1511,concrete
1512,concrete
1513,soft_pvc
1514,concrete
1515,wood
1516,soft_pvc
1517,soft_tiles
1518,soft_pvc
1519,soft_pvc
1520,wood
1521,wood
1522,soft_tiles
1523,wood
1524,concrete
1525,tiled
1526,concrete
1527,soft_pvc
1528,wood
1529,fine_concrete
1530,soft_pvc
1531,soft_pvc
1532,concrete
1533,soft_tiles
1534,tiled
1535,carpet
1536,concrete
1537,fine_concrete
1538,tiled
1539,tiled
1540,concrete
1541,tiled
1542,concrete
1543,wood
1544,soft_tiles
1545,soft_tiles
1546,concrete
1547,wood
1548,soft_tiles
1549,tiled
1550,soft_pvc
1551,hard_tiles_large_space
1552,soft_tiles
1553,hard_tiles_large_space
1554,hard_tiles_large_space
1555,concrete
1556,wood
1557,hard_tiles_large_space
1558,concrete
1559,fine_concrete
1560,wood
1561,soft_tiles
1562,hard_tiles_large_space
1563,concrete
1564,fine_concrete
1565,hard_tiles_large_space
1566,carpet
1567,hard_tiles_large_space
1568,carpet
1569,fine_concrete
1570,fine_concrete
1571,concrete
1572,soft_tiles
1573,tiled
1574,hard_tiles_large_space
1575,soft_pvc
1576,soft_tiles
1577,tiled
1578,concrete
1579,soft_pvc
1580,fine_concrete
1581,concrete
1582,concrete
1583,soft_pvc
1584,wood
1585,fine_concrete
1586,concrete
1587,soft_pvc
1588,hard_tiles_large_space
1589,concrete
1590,tiled
1591,wood
1592,hard_tiles
1593,soft_pvc
1594,wood
1595,concrete
1596,concrete
1597,soft_pvc
1598,carpet
1599,tiled
1600,fine_concrete
1601,concrete
1602,wood
1603,soft_tiles
1604,soft_tiles
1605,soft_pvc
1606,concrete
1607,concrete
1608,soft_pvc
1609,wood
1610,hard_tiles_large_space
1611,soft_pvc
1612,concrete
1613,soft_pvc
1614,carpet
1615,soft_pvc
1616,carpet
1617,concrete
1618,fine_concrete
1619,soft_tiles
1620,concrete
1621,hard_tiles_large_space
1622,hard_tiles_large_space
1623,soft_pvc
1624,wood
1625,soft_pvc
1626,soft_tiles
1627,fine_concrete
1628,wood
1629,wood
1630,wood
1631,soft_pvc
1632,fine_concrete
1633,soft_pvc
1634,concrete
1635,carpet
1636,wood
1637,concrete
1638,soft_pvc
1639,soft_pvc
1640,wood
1641,soft_tiles
1642,concrete
1643,fine_concrete
1644,tiled
1645,soft_pvc
1646,soft_tiles
1647,fine_concrete
1648,wood
1649,wood
1650,carpet
1651,carpet
1652,hard_tiles_large_space
1653,soft_pvc
1654,wood
1655,concrete
1656,fine_concrete
1657,wood
1658,fine_concrete
1659,wood
1660,fine_concrete
1661,soft_pvc
1662,fine_concrete
1663,tiled
1664,fine_concrete
1665,fine_concrete
1666,soft_pvc
1667,soft_pvc
1668,wood
1669,carpet
1670,concrete
1671,hard_tiles_large_space
1672,hard_tiles_large_space
1673,wood
1674,wood
1675,wood
1676,concrete
1677,soft_tiles
1678,soft_pvc
1679,tiled
1680,fine_concrete
1681,concrete
1682,concrete
1683,hard_tiles_large_space
1684,hard_tiles_large_space
1685,soft_pvc
1686,fine_concrete
1687,concrete
1688,soft_pvc
1689,concrete
1690,concrete
1691,soft_tiles
1692,soft_pvc
1693,tiled
1694,wood
1695,soft_pvc
1696,concrete
1697,concrete
1698,tiled
1699,soft_pvc
1700,concrete
1701,concrete
1702,soft_pvc
1703,concrete
1704,soft_tiles
1705,concrete
1706,hard_tiles_large_space
1707,fine_concrete
1708,tiled
1709,hard_tiles_large_space
1710,concrete
1711,soft_pvc
1712,concrete
1713,hard_tiles_large_space
1714,concrete
1715,concrete
1716,concrete
1717,wood
1718,wood
1719,soft_pvc
1720,soft_pvc
1721,soft_pvc
1722,concrete
1723,wood
1724,hard_tiles_large_space
1725,soft_pvc
1726,concrete
1727,wood
1728,soft_pvc
1729,concrete
1730,concrete
1731,soft_pvc
1732,concrete
1733,hard_tiles_large_space
1734,soft_pvc
1735,concrete
1736,soft_pvc
1737,soft_pvc
1738,wood
1739,hard_tiles_large_space
1740,soft_pvc
1741,concrete
1742,tiled
1743,wood
1744,concrete
1745,tiled
1746,wood
1747,soft_tiles
1748,soft_pvc
1749,soft_pvc
1750,concrete
1751,concrete
1752,hard_tiles_large_space
1753,soft_pvc
1754,concrete
1755,concrete
1756,hard_tiles_large_space
1757,soft_pvc
1758,tiled
1759,carpet
1760,hard_tiles_large_space
1761,soft_pvc
1762,concrete
1763,soft_pvc
1764,concrete
1765,tiled
1766,tiled
1767,soft_pvc
1768,soft_pvc
1769,concrete
1770,soft_pvc
1771,soft_pvc
1772,soft_pvc
1773,concrete
1774,soft_pvc
1775,soft_pvc
1776,carpet
1777,concrete
1778,soft_pvc
1779,soft_pvc
1780,soft_pvc
1781,tiled
1782,wood
1783,soft_pvc
1784,soft_pvc
1785,carpet
1786,soft_tiles
1787,wood
1788,concrete
1789,wood
1790,soft_pvc
1791,wood
1792,wood
1793,fine_concrete
1794,fine_concrete
1795,concrete
1796,concrete
1797,concrete
1798,concrete
1799,carpet
1800,concrete
1801,soft_pvc
1802,fine_concrete
1803,wood
1804,hard_tiles_large_space
1805,wood
1806,hard_tiles_large_space
1807,soft_pvc
1808,soft_tiles
1809,soft_pvc
1810,soft_pvc
1811,soft_tiles
1812,concrete
1813,concrete
1814,concrete
1815,carpet
1816,soft_tiles
1817,soft_pvc
1818,fine_concrete
1819,wood
1820,concrete
1821,wood
1822,soft_tiles
1823,wood
1824,wood
1825,soft_tiles
1826,concrete
1827,concrete
1828,soft_tiles
1829,wood
1830,fine_concrete
1831,carpet
1832,wood
1833,tiled
1834,concrete
1835,concrete
1836,tiled
1837,concrete
1838,soft_tiles
1839,concrete
1840,wood
1841,soft_pvc
1842,soft_pvc
1843,tiled
1844,concrete
1845,soft_tiles
1846,concrete
1847,wood
1848,concrete
1849,wood
1850,concrete
1851,concrete
1852,soft_pvc
1853,fine_concrete
1854,tiled
1855,concrete
1856,tiled
1857,carpet
1858,soft_pvc
1859,tiled
1860,wood
1861,tiled
1862,concrete
1863,concrete
1864,soft_pvc
1865,concrete
1866,soft_pvc
1867,soft_pvc
1868,carpet
1869,tiled
1870,wood
1871,wood
1872,fine_concrete
1873,hard_tiles_large_space
1874,concrete
1875,concrete
1876,fine_concrete
1877,soft_pvc
1878,soft_tiles
1879,wood
1880,hard_tiles_large_space
1881,concrete
1882,wood
1883,soft_pvc
1884,soft_pvc
1885,concrete
1886,soft_pvc
1887,concrete
1888,soft_tiles
1889,tiled
1890,wood
1891,concrete
1892,concrete
1893,carpet
1894,wood
1895,concrete
1896,fine_concrete
1897,wood
1898,concrete
1899,concrete
1900,fine_concrete
1901,hard_tiles_large_space
1902,concrete
1903,tiled
1904,wood
1905,concrete
1906,concrete
1907,concrete
1908,concrete
1909,soft_tiles
1910,soft_pvc
1911,tiled
1912,concrete
1913,fine_concrete
1914,carpet
1915,soft_tiles
1916,tiled
1917,wood
1918,concrete
1919,wood
1920,soft_pvc
1921,concrete
1922,soft_tiles
1923,concrete
1924,wood
1925,concrete
1926,wood
1927,concrete
1928,tiled
1929,soft_pvc
1930,hard_tiles_large_space
1931,soft_pvc
1932,carpet
1933,concrete
1934,hard_tiles_large_space
1935,soft_pvc
1936,wood
1937,concrete
1938,concrete
1939,carpet
1940,wood
1941,soft_tiles
1942,concrete
1943,soft_pvc
1944,concrete
1945,carpet
1946,wood
1947,concrete
1948,tiled
1949,wood
1950,soft_pvc
1951,wood
1952,wood
1953,tiled
1954,soft_pvc
1955,tiled
1956,soft_tiles
1957,carpet
1958,soft_pvc
1959,soft_pvc
1960,concrete
1961,soft_pvc
1962,soft_pvc
1963,wood
1964,tiled
1965,concrete
1966,soft_pvc
1967,wood
1968,soft_pvc
1969,wood
1970,carpet
1971,wood
1972,concrete
1973,hard_tiles_large_space
1974,concrete
1975,soft_pvc
1976,wood
1977,tiled
1978,tiled
1979,soft_pvc
1980,wood
1981,hard_tiles_large_space
1982,fine_concrete
1983,concrete
1984,soft_pvc
1985,soft_pvc
1986,soft_pvc
1987,wood
1988,soft_pvc
1989,concrete
1990,carpet
1991,soft_pvc
1992,soft_tiles
1993,soft_pvc
1994,carpet
1995,soft_pvc
1996,concrete
1997,wood
1998,wood
1999,wood
2000,concrete
2001,soft_pvc
2002,soft_pvc
2003,carpet
2004,concrete
2005,fine_concrete
2006,soft_pvc
2007,soft_pvc
2008,soft_pvc
2009,wood
2010,wood
2011,tiled
2012,soft_pvc
2013,wood
2014,soft_pvc
2015,hard_tiles_large_space
2016,wood
2017,soft_pvc
2018,wood
2019,soft_pvc
2020,soft_tiles
2021,soft_pvc
2022,soft_pvc
2023,fine_concrete
2024,soft_tiles
2025,concrete
2026,concrete
2027,concrete
2028,soft_pvc
2029,tiled
2030,wood
2031,soft_pvc
2032,wood
2033,concrete
2034,soft_pvc
2035,fine_concrete
2036,wood
2037,wood
2038,soft_pvc
2039,tiled
2040,concrete
2041,soft_pvc
2042,concrete
2043,concrete
2044,concrete
2045,concrete
2046,concrete
2047,tiled
2048,soft_pvc
2049,tiled
2050,fine_concrete
2051,soft_pvc
2052,soft_pvc
2053,soft_tiles
2054,carpet
2055,concrete
2056,soft_tiles
2057,carpet
2058,carpet
2059,concrete
2060,tiled
2061,soft_pvc
2062,hard_tiles_large_space
2063,soft_pvc
2064,carpet
2065,wood
2066,wood
2067,concrete
2068,tiled
2069,soft_pvc
2070,concrete
2071,wood
2072,hard_tiles_large_space
2073,fine_concrete
2074,concrete
2075,concrete
2076,concrete
2077,tiled
2078,soft_tiles
2079,soft_pvc
2080,tiled
2081,soft_tiles
2082,wood
2083,tiled
2084,concrete
2085,concrete
2086,soft_tiles
2087,wood
2088,fine_concrete
2089,concrete
2090,concrete
2091,soft_pvc
2092,concrete
2093,soft_pvc
2094,wood
2095,soft_pvc
2096,carpet
2097,soft_pvc
2098,concrete
2099,hard_tiles_large_space
2100,concrete
2101,tiled
2102,tiled
2103,concrete
2104,tiled
2105,fine_concrete
2106,soft_pvc
2107,soft_pvc
2108,concrete
2109,hard_tiles_large_space
2110,concrete
2111,fine_concrete
2112,concrete
2113,soft_tiles
2114,carpet
2115,carpet
2116,concrete
2117,tiled
2118,soft_pvc
2119,soft_pvc
2120,soft_pvc
2121,wood
2122,soft_tiles
2123,fine_concrete
2124,soft_pvc
2125,soft_tiles
2126,soft_pvc
2127,concrete
2128,hard_tiles_large_space
2129,tiled
2130,wood
2131,wood
2132,concrete
2133,tiled
2134,wood
2135,soft_pvc
2136,soft_pvc
2137,soft_tiles
2138,concrete
2139,hard_tiles_large_space
2140,concrete
2141,wood
2142,wood
2143,tiled
2144,carpet
2145,wood
2146,soft_pvc
2147,soft_tiles
2148,hard_tiles_large_space
2149,carpet
2150,soft_pvc
2151,soft_pvc
2152,concrete
2153,wood
2154,carpet
2155,soft_tiles
2156,wood
2157,hard_tiles_large_space
2158,soft_tiles
2159,fine_concrete
2160,carpet
2161,soft_pvc
2162,concrete
2163,hard_tiles_large_space
2164,soft_pvc
2165,hard_tiles_large_space
2166,soft_pvc
2167,hard_tiles_large_space
2168,soft_pvc
2169,tiled
2170,wood
2171,wood
2172,soft_pvc
2173,carpet
2174,carpet
2175,wood
2176,tiled
2177,hard_tiles_large_space
2178,hard_tiles_large_space
2179,fine_concrete
2180,concrete
2181,concrete
2182,soft_pvc
2183,wood
2184,concrete
2185,tiled
2186,soft_pvc
2187,wood
2188,soft_tiles
2189,carpet
2190,concrete
2191,carpet
2192,wood
2193,wood
2194,soft_tiles
2195,soft_pvc
2196,fine_concrete
2197,soft_pvc
2198,soft_tiles
2199,soft_pvc
2200,soft_tiles
2201,wood
2202,concrete
2203,fine_concrete
2204,carpet
2205,hard_tiles_large_space
2206,carpet
2207,soft_pvc
2208,carpet
2209,concrete
2210,fine_concrete
2211,soft_pvc
2212,concrete
2213,wood
2214,soft_pvc
2215,soft_pvc
2216,concrete
2217,soft_tiles
2218,fine_concrete
2219,hard_tiles_large_space
2220,soft_pvc
2221,hard_tiles_large_space
2222,concrete
2223,soft_pvc
2224,concrete
2225,concrete
2226,wood
2227,wood
2228,fine_concrete
2229,soft_pvc
2230,tiled
2231,wood
2232,concrete
2233,concrete
2234,fine_concrete
2235,hard_tiles_large_space
2236,soft_tiles
2237,wood
2238,carpet
2239,fine_concrete
2240,wood
2241,concrete
2242,concrete
2243,hard_tiles_large_space
2244,fine_concrete
2245,hard_tiles_large_space
2246,soft_pvc
2247,soft_pvc
2248,tiled
2249,tiled
2250,soft_tiles
2251,wood
2252,soft_pvc
2253,concrete
2254,concrete
2255,fine_concrete
2256,concrete
2257,concrete
2258,soft_tiles
2259,soft_pvc
2260,soft_pvc
2261,wood
2262,wood
2263,soft_pvc
2264,soft_pvc
2265,soft_pvc
2266,soft_pvc
2267,concrete
2268,wood
2269,wood
2270,wood
2271,carpet
2272,wood
2273,concrete
2274,tiled
2275,wood
2276,soft_pvc
2277,hard_tiles_large_space
2278,hard_tiles_large_space
2279,soft_pvc
2280,tiled
2281,soft_pvc
2282,soft_pvc
2283,concrete
2284,carpet
2285,concrete
2286,carpet
2287,tiled
2288,tiled
2289,concrete
2290,hard_tiles_large_space
2291,concrete
2292,fine_concrete
2293,soft_pvc
2294,fine_concrete
2295,concrete
2296,soft_pvc
2297,soft_tiles
2298,soft_pvc
2299,wood
2300,fine_concrete
2301,concrete
2302,fine_concrete
2303,hard_tiles_large_space
2304,wood
2305,tiled
2306,soft_pvc
2307,tiled
2308,concrete
2309,fine_concrete
2310,soft_pvc
2311,concrete
2312,tiled
2313,wood
2314,fine_concrete
2315,wood
2316,wood
2317,soft_pvc
2318,concrete
2319,soft_pvc
2320,concrete
2321,soft_tiles
2322,soft_pvc
2323,fine_concrete
2324,carpet
2325,tiled
2326,tiled
2327,soft_tiles
2328,carpet
2329,wood
2330,fine_concrete
2331,wood
2332,soft_pvc
2333,concrete
2334,fine_concrete
2335,wood
2336,fine_concrete
2337,carpet
2338,soft_pvc
2339,wood
2340,concrete
2341,carpet
2342,soft_pvc
2343,concrete
2344,fine_concrete
2345,carpet
2346,concrete
2347,fine_concrete
2348,tiled
2349,soft_pvc
2350,wood
2351,concrete
2352,soft_tiles
2353,wood
2354,soft_pvc
2355,carpet
2356,soft_pvc
2357,concrete
2358,wood
2359,wood
2360,hard_tiles_large_space
2361,wood
2362,concrete
2363,fine_concrete
2364,wood
2365,concrete
2366,wood
2367,wood
2368,soft_pvc
2369,wood
2370,soft_tiles
2371,soft_pvc
2372,wood
2373,hard_tiles_large_space
2374,soft_tiles
2375,fine_concrete
2376,fine_concrete
2377,soft_pvc
2378,concrete
2379,soft_pvc
2380,concrete
2381,soft_tiles
2382,tiled
2383,fine_concrete
2384,carpet
2385,fine_concrete
2386,concrete
2387,soft_tiles
2388,carpet
2389,fine_concrete
2390,wood
2391,carpet
2392,soft_pvc
2393,concrete
2394,soft_pvc
2395,soft_pvc
2396,concrete
2397,tiled
2398,soft_pvc
2399,soft_pvc
2400,concrete
2401,concrete
2402,carpet
2403,soft_pvc
2404,tiled
2405,concrete
2406,carpet
2407,soft_pvc
2408,concrete
2409,fine_concrete
2410,wood
2411,soft_pvc
2412,wood
2413,concrete
2414,soft_pvc
2415,wood
2416,concrete
2417,concrete
2418,fine_concrete
2419,wood
2420,concrete
2421,soft_pvc
2422,soft_pvc
2423,carpet
2424,wood
2425,fine_concrete
2426,soft_pvc
2427,concrete
2428,fine_concrete
2429,wood
2430,soft_pvc
2431,tiled
2432,soft_pvc
2433,tiled
2434,concrete
2435,soft_pvc
2436,concrete
2437,concrete
2438,tiled
2439,fine_concrete
2440,concrete
2441,soft_pvc
2442,hard_tiles_large_space
2443,fine_concrete
2444,tiled
2445,soft_pvc
2446,concrete
2447,soft_pvc
2448,concrete
2449,soft_pvc
2450,concrete
2451,concrete
2452,soft_pvc
2453,concrete
2454,concrete
2455,tiled
2456,concrete
2457,tiled
2458,soft_pvc
2459,concrete
2460,hard_tiles_large_space
2461,wood
2462,carpet
2463,soft_pvc
2464,carpet
2465,fine_concrete
2466,concrete
2467,concrete
2468,soft_pvc
2469,fine_concrete
2470,wood
2471,tiled
2472,soft_pvc
2473,wood
2474,soft_pvc
2475,soft_pvc
2476,concrete
2477,carpet
2478,wood
2479,carpet
2480,concrete
2481,soft_tiles
2482,wood
2483,wood
2484,soft_pvc
2485,soft_pvc
2486,fine_concrete
2487,soft_pvc
2488,hard_tiles_large_space
2489,concrete
2490,fine_concrete
2491,tiled
2492,wood
2493,concrete
2494,concrete
2495,tiled
2496,wood
2497,fine_concrete
2498,wood
2499,soft_pvc
2500,soft_pvc
2501,concrete
2502,soft_tiles
2503,wood
2504,soft_pvc
2505,fine_concrete
2506,hard_tiles_large_space
2507,fine_concrete
2508,concrete
2509,wood
2510,wood
2511,fine_concrete
2512,carpet
2513,soft_tiles
2514,concrete
2515,carpet
2516,concrete
2517,wood
2518,soft_pvc
2519,soft_pvc
2520,soft_tiles
2521,fine_concrete
2522,fine_concrete
2523,wood
2524,fine_concrete
2525,soft_pvc
2526,soft_pvc
2527,tiled
2528,soft_pvc
2529,soft_pvc
2530,wood
2531,soft_tiles
2532,carpet
2533,soft_pvc
2534,concrete
2535,fine_concrete
2536,wood
2537,soft_tiles
2538,soft_tiles
2539,soft_tiles
2540,soft_pvc
2541,fine_concrete
2542,soft_pvc
2543,hard_tiles_large_space
2544,concrete
2545,tiled
2546,wood
2547,tiled
2548,soft_pvc
2549,tiled
2550,concrete
2551,soft_tiles
2552,carpet
2553,soft_pvc
2554,soft_pvc
2555,soft_pvc
2556,concrete
2557,concrete
2558,wood
2559,soft_pvc
2560,hard_tiles_large_space
2561,carpet
2562,tiled
2563,soft_pvc
2564,concrete
2565,soft_pvc
2566,soft_pvc
2567,wood
2568,concrete
2569,wood
2570,tiled
2571,carpet
2572,tiled
2573,fine_concrete
2574,carpet
2575,carpet
2576,soft_tiles
2577,carpet
2578,carpet
2579,fine_concrete
2580,carpet
2581,soft_pvc
2582,wood
2583,concrete
2584,wood
2585,soft_pvc
2586,hard_tiles_large_space
2587,wood
2588,concrete
2589,soft_pvc
2590,soft_tiles
2591,concrete
2592,soft_pvc
2593,fine_concrete
2594,soft_pvc
2595,soft_tiles
2596,soft_pvc
2597,concrete
2598,concrete
2599,concrete
2600,soft_pvc
2601,fine_concrete
2602,wood
2603,concrete
2604,concrete
2605,tiled
2606,wood
2607,concrete
2608,hard_tiles_large_space
2609,soft_pvc
2610,carpet
2611,concrete
2612,soft_pvc
2613,hard_tiles_large_space
2614,fine_concrete
2615,wood
2616,wood
2617,soft_pvc
2618,carpet
2619,hard_tiles
2620,soft_pvc
2621,carpet
2622,wood
2623,fine_concrete
2624,wood
2625,fine_concrete
2626,soft_pvc
2627,concrete
2628,fine_concrete
2629,wood
2630,concrete
2631,concrete
2632,hard_tiles_large_space
2633,carpet
2634,concrete
2635,tiled
2636,wood
2637,soft_pvc
2638,concrete
2639,concrete
2640,concrete
2641,concrete
2642,carpet
2643,tiled
2644,fine_concrete
2645,hard_tiles_large_space
2646,wood
2647,carpet
2648,fine_concrete
2649,soft_pvc
2650,tiled
2651,soft_pvc
2652,wood
2653,soft_pvc
2654,concrete
2655,concrete
2656,hard_tiles_large_space
2657,wood
2658,wood
2659,soft_tiles
2660,fine_concrete
2661,wood
2662,concrete
2663,soft_pvc
2664,soft_pvc
2665,concrete
2666,wood
2667,soft_pvc
2668,concrete
2669,wood
2670,fine_concrete
2671,hard_tiles_large_space
2672,concrete
2673,wood
2674,wood
2675,concrete
2676,carpet
2677,fine_concrete
2678,soft_pvc
2679,wood
2680,soft_tiles
2681,soft_pvc
2682,wood
2683,fine_concrete
2684,soft_pvc
2685,concrete
2686,soft_pvc
2687,tiled
2688,soft_tiles
2689,wood
2690,soft_pvc
2691,concrete
2692,wood
2693,soft_pvc
2694,wood
2695,tiled
2696,tiled
2697,concrete
2698,soft_pvc
2699,carpet
2700,tiled
2701,wood
2702,hard_tiles_large_space
2703,wood
2704,soft_pvc
2705,concrete
2706,carpet
2707,wood
2708,concrete
2709,soft_pvc
2710,fine_concrete
2711,hard_tiles_large_space
2712,concrete
2713,wood
2714,concrete
2715,concrete
2716,concrete
2717,concrete
2718,tiled
2719,tiled
2720,soft_tiles
2721,tiled
2722,carpet
2723,wood
2724,tiled
2725,soft_pvc
2726,concrete
2727,soft_pvc
2728,wood
2729,tiled
2730,concrete
2731,wood
2732,concrete
2733,soft_pvc
2734,concrete
2735,soft_pvc
2736,concrete
2737,fine_concrete
2738,soft_pvc
2739,wood
2740,concrete
2741,wood
2742,tiled
2743,concrete
2744,carpet
2745,wood
2746,tiled
2747,concrete
2748,soft_pvc
2749,soft_pvc
2750,wood
2751,wood
2752,concrete
2753,fine_concrete
2754,fine_concrete
2755,concrete
2756,tiled
2757,soft_pvc
2758,wood
2759,wood
2760,tiled
2761,soft_pvc
2762,soft_pvc
2763,hard_tiles_large_space
2764,soft_tiles
2765,tiled
2766,fine_concrete
2767,soft_pvc
2768,concrete
2769,fine_concrete
2770,concrete
2771,tiled
2772,soft_pvc
2773,wood
2774,concrete
2775,wood
2776,soft_tiles
2777,fine_concrete
2778,concrete
2779,soft_tiles
2780,soft_pvc
2781,fine_concrete
2782,carpet
2783,fine_concrete
2784,concrete
2785,tiled
2786,soft_pvc
2787,soft_pvc
2788,hard_tiles_large_space
2789,tiled
2790,hard_tiles_large_space
2791,wood
2792,soft_tiles
2793,concrete
2794,soft_tiles
2795,carpet
2796,concrete
2797,soft_pvc
2798,wood
2799,hard_tiles_large_space
2800,wood
2801,tiled
2802,carpet
2803,concrete
2804,hard_tiles_large_space
2805,concrete
2806,concrete
2807,tiled
2808,concrete
2809,soft_pvc
2810,concrete
2811,fine_concrete
2812,tiled
2813,soft_pvc
2814,concrete
2815,hard_tiles
2816,soft_pvc
2817,soft_pvc
2818,tiled
2819,hard_tiles_large_space
2820,carpet
2821,concrete
2822,fine_concrete
2823,fine_concrete
2824,wood
2825,wood
2826,tiled
2827,soft_tiles
2828,soft_tiles
2829,concrete
2830,tiled
2831,tiled
2832,soft_pvc
2833,concrete
2834,concrete
2835,soft_pvc
2836,soft_tiles
2837,wood
2838,wood
2839,concrete
2840,concrete
2841,soft_pvc
2842,fine_concrete
2843,wood
2844,fine_concrete
2845,wood
2846,soft_pvc
2847,concrete
2848,concrete
2849,tiled
2850,wood
2851,wood
2852,soft_pvc
2853,wood
2854,concrete
2855,soft_pvc
2856,concrete
2857,hard_tiles_large_space
2858,concrete
2859,wood
2860,concrete
2861,wood
2862,hard_tiles_large_space
2863,hard_tiles_large_space
2864,wood
2865,concrete
2866,soft_tiles
2867,tiled
2868,soft_pvc
2869,carpet
2870,soft_tiles
2871,fine_concrete
2872,fine_concrete
2873,tiled
2874,wood
2875,tiled
2876,concrete
2877,carpet
2878,wood
2879,carpet
2880,soft_pvc
2881,concrete
2882,concrete
2883,carpet
2884,soft_pvc
2885,wood
2886,fine_concrete
2887,tiled
2888,soft_pvc
2889,fine_concrete
2890,soft_tiles
2891,soft_pvc
2892,wood
2893,tiled
2894,soft_pvc
2895,wood
2896,carpet
2897,soft_pvc
2898,soft_pvc
2899,concrete
2900,wood
2901,soft_pvc
2902,concrete
2903,concrete
2904,soft_pvc
2905,soft_pvc
2906,concrete
2907,concrete
2908,soft_pvc
2909,concrete
2910,carpet
2911,tiled
2912,tiled
2913,wood
2914,tiled
2915,concrete
2916,wood
2917,tiled
2918,fine_concrete
2919,soft_pvc
2920,soft_pvc
2921,soft_tiles
2922,tiled
2923,fine_concrete
2924,concrete
2925,concrete
2926,wood
2927,soft_tiles
2928,soft_pvc
2929,fine_concrete
2930,fine_concrete
2931,soft_pvc
2932,concrete
2933,fine_concrete
2934,concrete
2935,hard_tiles_large_space
2936,soft_pvc
2937,concrete
2938,wood
2939,wood
2940,concrete
2941,wood
2942,hard_tiles_large_space
2943,soft_pvc
2944,carpet
2945,soft_pvc
2946,concrete
2947,hard_tiles_large_space
2948,tiled
2949,fine_concrete
2950,soft_pvc
2951,concrete
2952,soft_pvc
2953,hard_tiles_large_space
2954,wood
2955,carpet
2956,hard_tiles_large_space
2957,tiled
2958,carpet
2959,soft_pvc
2960,concrete
2961,carpet
2962,concrete
2963,soft_pvc
2964,wood
2965,soft_tiles
2966,carpet
2967,wood
2968,fine_concrete
2969,concrete
2970,wood
2971,tiled
2972,soft_tiles
2973,concrete
2974,fine_concrete
2975,wood
2976,concrete
2977,soft_pvc
2978,wood
2979,soft_pvc
2980,fine_concrete
2981,concrete
2982,soft_pvc
2983,concrete
2984,tiled
2985,soft_pvc
2986,concrete
2987,soft_tiles
2988,hard_tiles_large_space
2989,soft_pvc
2990,tiled
2991,wood
2992,soft_tiles
2993,concrete
2994,concrete
2995,soft_pvc
2996,fine_concrete
2997,concrete
2998,tiled
2999,fine_concrete
3000,wood
3001,soft_pvc
3002,wood
3003,hard_tiles_large_space
3004,fine_concrete
3005,soft_pvc
3006,fine_concrete
3007,soft_pvc
3008,soft_tiles
3009,fine_concrete
3010,soft_pvc
3011,soft_pvc
3012,wood
3013,carpet
3014,soft_pvc
3015,concrete
3016,soft_tiles
3017,tiled
3018,fine_concrete
3019,wood
3020,wood
3021,concrete
3022,concrete
3023,tiled
3024,wood
3025,concrete
3026,carpet
3027,tiled
3028,wood
3029,tiled
3030,soft_tiles
3031,concrete
3032,concrete
3033,concrete
3034,concrete
3035,fine_concrete
3036,soft_pvc
3037,wood
3038,carpet
3039,soft_pvc
3040,wood
3041,concrete
3042,tiled
3043,concrete
3044,hard_tiles_large_space
3045,wood
3046,fine_concrete
3047,wood
3048,soft_pvc
3049,concrete
3050,carpet
3051,soft_pvc
3052,concrete
3053,carpet
3054,hard_tiles_large_space
3055,concrete
3056,wood
3057,soft_tiles
3058,concrete
3059,soft_pvc
3060,hard_tiles_large_space
3061,wood
3062,wood
3063,concrete
3064,concrete
3065,concrete
3066,concrete
3067,soft_pvc
3068,concrete
3069,carpet
3070,concrete
3071,concrete
3072,soft_pvc
3073,fine_concrete
3074,soft_pvc
3075,concrete
3076,wood
3077,tiled
3078,concrete
3079,fine_concrete
3080,carpet
3081,tiled
3082,concrete
3083,soft_pvc
3084,soft_tiles
3085,wood
3086,soft_pvc
3087,soft_pvc
3088,fine_concrete
3089,concrete
3090,concrete
3091,fine_concrete
3092,soft_pvc
3093,wood
3094,concrete
3095,soft_pvc
3096,soft_pvc
3097,concrete
3098,concrete
3099,soft_pvc
3100,wood
3101,concrete
3102,soft_tiles
3103,concrete
3104,wood
3105,hard_tiles_large_space
3106,wood
3107,wood
3108,carpet
3109,soft_tiles
3110,soft_pvc
3111,soft_pvc
3112,soft_pvc
3113,carpet
3114,wood
3115,wood
3116,fine_concrete
3117,concrete
3118,soft_pvc
3119,hard_tiles_large_space
3120,hard_tiles_large_space
3121,fine_concrete
3122,tiled
3123,wood
3124,hard_tiles_large_space
3125,fine_concrete
3126,soft_pvc
3127,carpet
3128,wood
3129,soft_pvc
3130,soft_pvc
3131,tiled
3132,hard_tiles_large_space
3133,soft_pvc
3134,hard_tiles_large_space
3135,fine_concrete
3136,concrete
3137,tiled
3138,wood
3139,soft_pvc
3140,soft_pvc
3141,soft_pvc
3142,soft_tiles
3143,soft_pvc
3144,concrete
3145,soft_pvc
3146,soft_pvc
3147,hard_tiles_large_space
3148,fine_concrete
3149,wood
3150,concrete
3151,soft_tiles
3152,concrete
3153,concrete
3154,wood
3155,soft_pvc
3156,soft_pvc
3157,fine_concrete
3158,fine_concrete
3159,wood
3160,concrete
3161,soft_pvc
3162,concrete
3163,concrete
3164,soft_pvc
3165,hard_tiles_large_space
3166,soft_tiles
3167,soft_pvc
3168,tiled
3169,wood
3170,soft_pvc
3171,soft_pvc
3172,wood
3173,concrete
3174,soft_pvc
3175,wood
3176,wood
3177,hard_tiles_large_space
3178,tiled
3179,concrete
3180,soft_pvc
3181,wood
3182,hard_tiles_large_space
3183,concrete
3184,concrete
3185,concrete
3186,soft_pvc
3187,hard_tiles_large_space
3188,soft_tiles
3189,concrete
3190,soft_pvc
3191,soft_pvc
3192,wood
3193,soft_pvc
3194,wood
3195,tiled
3196,wood
3197,soft_pvc
3198,tiled
3199,concrete
3200,fine_concrete
3201,concrete
3202,tiled
3203,wood
3204,tiled
3205,carpet
3206,tiled
3207,soft_pvc
3208,carpet
3209,fine_concrete
3210,wood
3211,soft_pvc
3212,hard_tiles_large_space
3213,concrete
3214,concrete
3215,soft_pvc
3216,tiled
3217,fine_concrete
3218,wood
3219,tiled
3220,soft_pvc
3221,soft_pvc
3222,carpet
3223,concrete
3224,concrete
3225,soft_tiles
3226,concrete
3227,soft_tiles
3228,tiled
3229,soft_pvc
3230,soft_pvc
3231,soft_tiles
3232,fine_concrete
3233,concrete
3234,concrete
3235,soft_tiles
3236,soft_pvc
3237,tiled
3238,wood
3239,hard_tiles_large_space
3240,concrete
3241,concrete
3242,soft_pvc
3243,tiled
3244,soft_pvc
3245,tiled
3246,wood
3247,wood
3248,wood
3249,fine_concrete
3250,soft_tiles
3251,wood
3252,tiled
3253,concrete
3254,wood
3255,concrete
3256,wood
3257,carpet
3258,carpet
3259,wood
3260,wood
3261,soft_pvc
3262,concrete
3263,concrete
3264,wood
3265,soft_pvc
3266,concrete
3267,hard_tiles_large_space
3268,fine_concrete
3269,wood
3270,tiled
3271,fine_concrete
3272,tiled
3273,soft_pvc
3274,concrete
3275,concrete
3276,soft_pvc
3277,concrete
3278,hard_tiles_large_space
3279,soft_pvc
3280,tiled
3281,concrete
3282,wood
3283,concrete
3284,concrete
3285,soft_pvc
3286,soft_pvc
3287,fine_concrete
3288,carpet
3289,soft_pvc
3290,soft_pvc
3291,soft_pvc
3292,concrete
3293,wood
3294,concrete
3295,wood
3296,tiled
3297,tiled
3298,concrete
3299,wood
3300,soft_pvc
3301,concrete
3302,soft_pvc
3303,concrete
3304,concrete
3305,fine_concrete
3306,concrete
3307,concrete
3308,wood
3309,hard_tiles_large_space
3310,soft_tiles
3311,wood
3312,soft_pvc
3313,concrete
3314,wood
3315,concrete
3316,tiled
3317,concrete
3318,wood
3319,concrete
3320,soft_pvc
3321,soft_tiles
3322,carpet
3323,tiled
3324,tiled
3325,hard_tiles_large_space
3326,carpet
3327,soft_pvc
3328,soft_tiles
3329,fine_concrete
3330,soft_pvc
3331,wood
3332,concrete
3333,fine_concrete
3334,concrete
3335,concrete
3336,tiled
3337,concrete
3338,soft_pvc
3339,wood
3340,soft_pvc
3341,soft_pvc
3342,tiled
3343,soft_pvc
3344,wood
3345,concrete
3346,wood
3347,soft_pvc
3348,concrete
3349,soft_pvc
3350,concrete
3351,wood
3352,concrete
3353,soft_pvc
3354,soft_pvc
3355,fine_concrete
3356,concrete
3357,wood
3358,concrete
3359,fine_concrete
3360,concrete
3361,wood
3362,hard_tiles_large_space
3363,soft_tiles
3364,soft_pvc
3365,tiled
3366,soft_pvc
3367,concrete
3368,soft_tiles
3369,soft_pvc
3370,carpet
3371,soft_pvc
3372,carpet
3373,concrete
3374,wood
3375,concrete
3376,soft_pvc
3377,tiled
3378,fine_concrete
3379,carpet
3380,fine_concrete
3381,concrete
3382,tiled
3383,soft_pvc
3384,concrete
3385,hard_tiles_large_space
3386,hard_tiles_large_space
3387,soft_pvc
3388,fine_concrete
3389,concrete
3390,soft_pvc
3391,fine_concrete
3392,soft_pvc
3393,wood
3394,tiled
3395,tiled
3396,soft_pvc
3397,carpet
3398,concrete
3399,soft_pvc
3400,soft_tiles
3401,wood
3402,wood
3403,wood
3404,tiled
3405,soft_pvc
3406,soft_pvc
3407,wood
3408,soft_pvc
3409,soft_pvc
3410,tiled
3411,wood
3412,wood
3413,soft_pvc
3414,wood
3415,soft_pvc
3416,carpet
3417,concrete
3418,concrete
3419,concrete
3420,soft_pvc
3421,tiled
3422,concrete
3423,wood
3424,wood
3425,tiled
3426,fine_concrete
3427,wood
3428,soft_pvc
3429,concrete
3430,concrete
3431,tiled
3432,tiled
3433,concrete
3434,concrete
3435,soft_tiles
3436,concrete
3437,soft_pvc
3438,soft_pvc
3439,carpet
3440,carpet
3441,soft_pvc
3442,wood
3443,wood
3444,concrete
3445,fine_concrete
3446,soft_tiles
3447,concrete
3448,soft_pvc
3449,wood
3450,concrete
3451,hard_tiles_large_space
3452,soft_pvc
3453,carpet
3454,carpet
3455,wood
3456,soft_pvc
3457,wood
3458,hard_tiles_large_space
3459,soft_pvc
3460,concrete
3461,concrete
3462,wood
3463,soft_pvc
3464,concrete
3465,tiled
3466,hard_tiles_large_space
3467,wood
3468,soft_tiles
3469,concrete
3470,soft_pvc
3471,wood
3472,concrete
3473,concrete
3474,tiled
3475,concrete
3476,wood
3477,soft_tiles
3478,soft_pvc
3479,fine_concrete
3480,soft_pvc
3481,soft_pvc
3482,soft_pvc
3483,wood
3484,wood
3485,concrete
3486,concrete
3487,soft_pvc
3488,tiled
3489,soft_pvc
3490,soft_pvc
3491,wood
3492,hard_tiles_large_space
3493,fine_concrete
3494,wood
3495,hard_tiles_large_space
3496,soft_pvc
3497,soft_pvc
3498,hard_tiles_large_space
3499,concrete
3500,hard_tiles_large_space
3501,wood
3502,soft_pvc
3503,tiled
3504,wood
3505,concrete
3506,soft_pvc
3507,tiled
3508,soft_pvc
3509,soft_pvc
3510,concrete
3511,concrete
3512,concrete
3513,tiled
3514,concrete
3515,soft_tiles
3516,carpet
3517,concrete
3518,carpet
3519,soft_tiles
3520,soft_pvc
3521,carpet
3522,tiled
3523,soft_tiles
3524,tiled
3525,soft_pvc
3526,soft_pvc
3527,tiled
3528,wood
3529,wood
3530,concrete
3531,wood
3532,tiled
3533,soft_pvc
3534,wood
3535,soft_pvc
3536,tiled
3537,fine_concrete
3538,concrete
3539,tiled
3540,soft_pvc
3541,concrete
3542,soft_pvc
3543,carpet
3544,tiled
3545,soft_pvc
3546,wood
3547,soft_pvc
3548,concrete
3549,soft_tiles
3550,soft_pvc
3551,concrete
3552,carpet
3553,concrete
3554,soft_tiles
3555,soft_pvc
3556,carpet
3557,tiled
3558,soft_pvc
3559,hard_tiles_large_space
3560,tiled
3561,concrete
3562,soft_pvc
3563,carpet
3564,soft_pvc
3565,soft_tiles
3566,soft_pvc
3567,soft_pvc
3568,concrete
3569,fine_concrete
3570,soft_pvc
3571,soft_pvc
3572,carpet
3573,fine_concrete
3574,concrete
3575,concrete
3576,wood
3577,concrete
3578,soft_tiles
3579,tiled
3580,concrete
3581,wood
3582,fine_concrete
3583,wood
3584,carpet
3585,concrete
3586,soft_pvc
3587,soft_tiles
3588,carpet
3589,concrete
3590,wood
3591,tiled
3592,concrete
3593,concrete
3594,concrete
3595,hard_tiles_large_space
3596,soft_pvc
3597,concrete
3598,fine_concrete
3599,tiled
3600,hard_tiles_large_space
3601,concrete
3602,soft_pvc
3603,soft_tiles
3604,concrete
3605,concrete
3606,concrete
3607,soft_pvc
3608,soft_pvc
3609,concrete
3610,soft_pvc
3611,fine_concrete
3612,concrete
3613,hard_tiles_large_space
3614,tiled
3615,tiled
3616,soft_pvc
3617,soft_pvc
3618,soft_pvc
3619,concrete
3620,concrete
3621,tiled
3622,wood
3623,soft_pvc
3624,concrete
3625,tiled
3626,soft_tiles
3627,concrete
3628,wood
3629,wood
3630,wood
3631,soft_pvc
3632,fine_concrete
3633,concrete
3634,tiled
3635,carpet
3636,concrete
3637,fine_concrete
3638,concrete
3639,concrete
3640,concrete
3641,concrete
3642,carpet
3643,concrete
3644,tiled
3645,concrete
3646,hard_tiles_large_space
3647,soft_pvc
3648,wood
3649,soft_pvc
3650,fine_concrete
3651,wood
3652,wood
3653,soft_pvc
3654,concrete
3655,concrete
3656,concrete
3657,soft_pvc
3658,concrete
3659,hard_tiles_large_space
3660,soft_pvc
3661,concrete
3662,tiled
3663,fine_concrete
3664,fine_concrete
3665,wood
3666,hard_tiles_large_space
3667,wood
3668,concrete
3669,concrete
3670,wood
3671,concrete
3672,carpet
3673,concrete
3674,tiled
3675,tiled
3676,wood
3677,fine_concrete
3678,hard_tiles_large_space
3679,concrete
3680,hard_tiles_large_space
3681,soft_pvc
3682,concrete
3683,fine_concrete
3684,wood
3685,wood
3686,concrete
3687,concrete
3688,concrete
3689,concrete
3690,tiled
3691,concrete
3692,tiled
3693,wood
3694,wood
3695,soft_tiles
3696,wood
3697,carpet
3698,wood
3699,soft_tiles
3700,tiled
3701,concrete
3702,soft_pvc
3703,concrete
3704,concrete
3705,tiled
3706,carpet
3707,wood
3708,soft_pvc
3709,hard_tiles_large_space
3710,tiled
3711,soft_pvc
3712,wood
3713,tiled
3714,tiled
3715,soft_pvc
3716,tiled
3717,hard_tiles_large_space
3718,concrete
3719,concrete
3720,tiled
3721,soft_tiles
3722,fine_concrete
3723,hard_tiles_large_space
3724,hard_tiles_large_space
3725,soft_pvc
3726,concrete
3727,tiled
3728,carpet
3729,soft_tiles
3730,soft_tiles
3731,soft_pvc
3732,soft_pvc
3733,soft_pvc
3734,concrete
3735,concrete
3736,soft_pvc
3737,wood
3738,wood
3739,carpet
3740,concrete
3741,hard_tiles_large_space
3742,tiled
3743,concrete
3744,concrete
3745,concrete
3746,concrete
3747,wood
3748,hard_tiles_large_space
3749,wood
3750,soft_tiles
3751,concrete
3752,wood
3753,soft_pvc
3754,wood
3755,soft_pvc
3756,wood
3757,wood
3758,wood
3759,hard_tiles_large_space
3760,fine_concrete
3761,tiled
3762,hard_tiles_large_space
3763,soft_pvc
3764,fine_concrete
3765,soft_pvc
3766,concrete
3767,soft_pvc
3768,soft_pvc
3769,soft_pvc
3770,tiled
3771,carpet
3772,concrete
3773,tiled
3774,carpet
3775,concrete
3776,concrete
3777,concrete
3778,concrete
3779,concrete
3780,soft_pvc
3781,concrete
3782,soft_pvc
3783,concrete
3784,soft_pvc
3785,hard_tiles_large_space
3786,carpet
3787,soft_pvc
3788,hard_tiles_large_space
3789,tiled
3790,hard_tiles_large_space
3791,hard_tiles_large_space
3792,soft_pvc
3793,fine_concrete
3794,tiled
3795,fine_concrete
3796,tiled
3797,hard_tiles_large_space
3798,wood
3799,wood
3800,soft_tiles
3801,carpet
3802,soft_pvc
3803,fine_concrete
3804,concrete
3805,carpet
3806,hard_tiles_large_space
3807,soft_pvc
3808,concrete
3809,soft_pvc
3810,soft_pvc
3811,soft_pvc
3812,carpet
3813,concrete
3814,soft_pvc
3815,wood
